Datum;Erster;Hoch;Tief;Schlusskurs;Stuecke;Volumen
2018-12-28;181,15;183,65;181,10;182,40;443.391;80.886.160
2018-12-27;185,15;185,25;178,15;180,10;807.876;146.004.928
2018-12-21;183,00;185,55;179,15;184,75;2.238.677;412.724.160
2018-12-20;184,00;185,30;182,75;183,75;820.234;150.926.080
2018-12-19;186,95;189,05;186,30;187,05;697.398;130.640.104
2018-12-18;185,90;188,70;183,70;186,20;985.056;183.527.648
2018-12-17;192,75;194,00;185,15;186,85;1.756.247;330.175.712
2018-12-14;197,65;198,60;194,50;195,50;814.498;159.793.088
2018-12-13;200,20;201,10;198,90;200,00;601.006;120.084.376
2018-12-12;198,50;200,30;197,65;199,10;728.347;144.874.976
2018-12-11;192,80;198,40;192,50;197,50;785.219;154.397.664
2018-12-10;194,05;194,80;192,30;192,80;708.975;136.842.096
2018-12-07;195,15;200,80;195,15;195,45;890.022;175.459.984
2018-12-06;194,95;195,95;192,50;193,55;917.708;177.948.928
2018-12-05;196,30;198,60;196,00;196,45;508.690;100.096.600
2018-12-04;197,40;199,40;197,10;198,20;773.898;153.340.912
2018-12-03;198,00;199,85;197,30;197,70;767.795;152.023.376
2018-11-30;198,00;198,90;193,20;194,80;1.291.447;251.863.232
2018-11-29;199,75;201,20;197,50;197,50;581.434;115.398.024
2018-11-28;200,50;201,30;198,35;199,10;530.750;105.848.712
2018-11-27;200,00;201,70;198,40;199,15;602.781;120.225.392
2018-11-26;204,10;204,90;199,05;199,25;763.967;153.040.336
2018-11-23;201,60;203,90;200,00;202,70;496.578;100.374.328
2018-11-22;204,00;205,10;201,20;201,60;549.624;111.360.992
2018-11-21;202,00;204,40;199,70;204,40;656.007;132.962.472
2018-11-20;199,20;201,20;195,60;199,15;880.111;174.980.528
2018-11-19;205,40;205,70;200,10;200,80;658.543;133.088.512
2018-11-16;206,60;207,80;201,30;204,70;807.446;165.180.096
2018-11-15;207,10;209,10;203,20;205,50;693.381;143.205.360
2018-11-14;206,10;208,50;204,70;205,60;600.936;123.889.272
2018-11-13;204,20;207,00;202,90;206,60;739.641;151.785.552
2018-11-12;205,10;205,10;201,20;201,80;525.368;106.277.928
2018-11-09;200,30;204,30;199,45;203,90;712.740;144.395.472
2018-11-08;200,00;202,60;199,30;201,00;882.199;177.218.384
2018-11-07;198,40;203,30;195,15;198,60;1.688.426;336.363.136
2018-11-06;208,00;208,00;203,90;205,90;687.272;141.221.776
2018-11-05;206,90;208,20;205,50;207,00;533.411;110.229.504
2018-11-02;208,00;208,70;205,60;206,50;733.141;151.658.896
2018-11-01;207,90;208,10;203,70;204,00;835.938;171.469.536
2018-10-31;206,00;209,60;205,70;208,00;1.013.648;210.653.040
2018-10-30;206,00;206,30;201,30;202,10;936.516;189.780.448
2018-10-29;204,80;207,60;204,10;205,30;639.898;131.613.496
2018-10-26;204,00;205,10;200,50;203,40;1.147.148;232.924.896
2018-10-25;200,70;207,60;200,30;207,30;810.605;166.191.584
2018-10-24;198,85;205,30;198,25;201,00;829.302;167.379.936
2018-10-23;199,55;201,10;196,55;197,45;882.807;175.340.032
2018-10-22;205,10;205,40;198,85;200,90;763.975;153.839.152
2018-10-19;199,00;205,20;198,60;202,80;878.318;177.272.224
2018-10-18;202,70;203,70;198,75;198,75;687.727;138.026.224
2018-10-17;203,00;204,20;199,50;201,70;746.793;150.773.808
2018-10-16;195,00;200,00;193,75;200,00;861.149;170.748.624
2018-10-15;192,50;195,60;192,05;194,95;673.517;130.739.664
2018-10-12;194,95;196,90;192,40;192,60;833.237;161.744.288
2018-10-11;190,50;195,20;189,50;192,65;1.279.437;246.634.544
2018-10-10;204,40;204,80;194,20;195,15;1.024.203;201.832.384
2018-10-09;205,90;205,90;200,00;204,40;799.481;162.295.216
2018-10-08;206,30;207,30;204,80;206,30;521.606;107.451.248
2018-10-05;208,10;209,30;205,60;207,80;575.173;119.380.216
2018-10-04;214,00;214,00;208,10;209,00;778.716;163.764.512
2018-10-02;213,20;215,10;211,30;213,20;449.415;95.737.128
2018-10-01;210,70;215,20;210,60;213,80;588.067;125.573.464
2018-09-28;210,80;211,50;209,30;210,90;621.742;130.916.384
2018-09-27;209,90;211,80;208,40;211,50;495.145;104.455.280
2018-09-26;210,10;211,30;207,20;209,50;714.130;149.425.424
2018-09-25;208,50;210,90;207,60;210,70;432.766;90.735.312
2018-09-24;209,90;210,20;207,20;208,40;532.959;111.099.456
2018-09-21;211,00;211,60;209,60;210,90;1.572.718;331.364.640
2018-09-20;208,60;210,30;208,20;209,40;563.897;118.063.336
2018-09-19;209,90;210,00;208,50;209,20;436.671;91.348.632
2018-09-18;207,70;210,60;207,10;210,00;445.495;93.376.824
2018-09-17;209,40;209,60;206,80;208,20;457.495;95.272.312
2018-09-14;210,10;210,80;209,40;210,30;357.541;75.166.520
2018-09-13;211,30;211,50;208,70;209,70;505.370;106.158.888
2018-09-12;208,00;210,90;207,70;210,70;567.922;119.158.264
2018-09-11;207,60;208,80;203,80;206,60;705.989;145.613.360
2018-09-10;207,60;208,60;206,10;207,70;480.095;99.606.352
2018-09-07;205,70;207,90;205,50;207,20;480.543;99.414.144
2018-09-06;206,90;208,90;204,90;206,10;656.032;135.686.784
2018-09-05;209,20;211,90;206,50;207,00;817.890;170.511.968
2018-09-04;216,40;217,20;210,30;210,80;628.735;133.265.336
2018-09-03;214,10;217,00;213,60;216,00;432.767;93.378.408
2018-08-31;214,30;215,50;213,70;214,90;503.980;108.254.656
2018-08-30;214,20;215,70;213,40;215,20;431.631;92.704.600
2018-08-29;215,30;216,00;212,40;214,60;622.375;133.145.064
2018-08-28;217,60;218,00;215,60;215,70;500.255;108.313.160
2018-08-27;215,30;216,30;214,40;215,70;424.170;91.400.160
2018-08-24;211,80;215,40;211,80;213,70;639.676;136.822.880
2018-08-23;210,80;214,40;210,70;212,00;600.939;127.823.232
2018-08-22;210,00;210,90;208,80;210,40;401.192;84.353.376
2018-08-21;210,00;212,30;209,60;210,50;623.090;131.273.368
2018-08-20;207,80;210,00;207,10;209,50;421.929;88.256.640
2018-08-17;208,30;209,50;205,50;207,00;503.218;104.242.016
2018-08-16;207,10;209,40;206,50;208,70;655.387;136.518.048
2018-08-15;210,30;210,50;205,10;205,80;650.425;134.539.424
2018-08-14;210,00;211,60;207,50;209,30;663.745;139.101.280
2018-08-13;206,30;209,20;205,20;208,40;700.891;145.831.616
2018-08-10;207,30;210,00;204,40;205,70;1.106.033;228.027.760
2018-08-09;202,10;210,90;202,10;208,50;2.821.645;584.891.072
2018-08-08;188,40;192,35;187,90;190,55;740.569;140.963.168
2018-08-07;188,60;191,45;188,30;189,65;595.875;113.118.968
2018-08-06;189,80;192,15;187,45;188,20;681.436;128.844.072
2018-08-03;185,65;189,90;185,65;189,60;741.277;139.824.800
2018-08-02;187,25;187,30;183,95;184,95;735.520;136.102.432
2018-08-01;189,45;189,45;185,55;187,85;614.051;115.240.296
2018-07-31;189,15;189,90;186,55;189,15;578.533;109.191.568
2018-07-30;188,80;190,40;188,40;188,85;358.594;67.859.848
2018-07-27;187,55;189,45;185,90;189,20;581.347;109.462.336
2018-07-26;187,50;188,6014;183,40;187,85;1.060.954;197.890.368
2018-07-25;191,45;191,85;188,15;188,60;462.469;87.604.576
2018-07-24;190,15;191,45;189,05;190,45;458.297;87.314.680
2018-07-23;189,00;190,70;188,70;189,45;406.863;77.064.432
2018-07-20;188,35;191,30;188,05;189,90;719.381;136.501.920
2018-07-19;189,05;189,90;188,50;189,50;416.211;78.808.872
2018-07-18;186,80;189,40;186,60;189,25;699.820;132.052.824
2018-07-17;188,00;188,15;183,90;185,75;742.774;138.109.568
2018-07-16;187,95;189,30;187,05;188,75;598.771;112.733.760
2018-07-13;186,40;188,55;186,15;187,75;687.390;128.962.320
2018-07-12;182,90;185,40;182,90;185,30;565.365;104.216.600
2018-07-11;183,60;184,00;182,30;183,05;545.757;99.913.536
2018-07-10;182,90;185,00;182,45;185,00;745.414;137.295.952
2018-07-09;182,50;183,40;181,30;181,85;501.370;91.290.392
2018-07-06;183,50;183,50;181,10;181,50;556.345;101.157.104
2018-07-05;182,60;183,40;180,50;181,85;651.541;118.583.392
2018-07-04;184,00;184,90;181,55;182,15;600.851;109.697.920
2018-07-03;184,20;187,25;184,05;185,00;530.002;98.200.416
2018-07-02;184,55;185,95;183,15;183,55;884.657;162.841.136
2018-06-29;187,50;189,05;185,75;186,95;1.342.933;251.742.272
2018-06-28;188,00;189,10;183,15;184,00;1.077.079;199.478.336
2018-06-27;187,75;190,85;186,25;189,10;800.914;151.176.992
2018-06-26;187,85;190,30;186,60;187,40;785.448;147.885.584
2018-06-25;190,75;191,40;187,00;187,00;844.629;159.039.872
2018-06-22;190,95;192,05;189,55;190,95;560.719;106.941.728
2018-06-21;189,00;192,95;188,60;190,15;769.276;146.679.312
2018-06-20;190,40;190,55;187,35;188,65;960.937;181.268.336
2018-06-19;191,30;191,80;189,00;189,40;1.036.011;196.731.440
2018-06-18;199,35;199,35;193,30;194,30;894.020;174.326.880
2018-06-15;199,85;203,80;198,95;199,85;1.582.798;318.693.216
2018-06-14;193,50;199,65;193,45;198,75;973.620;192.795.584
2018-06-13;196,80;197,15;193,85;194,90;797.368;155.513.936
2018-06-12;200,00;200,60;195,65;196,55;649.193;128.246.504
2018-06-11;199,35;200,20;197,70;198,40;610.541;121.399.440
2018-06-08;195,65;200,50;194,95;199,35;589.676;117.022.736
2018-06-07;203,40;203,80;197,30;198,20;991.579;197.375.184
2018-06-06;196,60;203,70;196,60;203,40;1.131.359;227.858.496
2018-06-05;195,00;198,60;194,65;196,40;693.574;136.553.200
2018-06-04;195,30;196,70;193,25;195,05;556.834;108.443.064
2018-06-01;194,60;196,35;193,10;193,15;734.769;142.720.832
2018-05-31;196,85;197,40;192,90;193,60;900.526;175.102.608
2018-05-30;192,50;196,85;192,10;196,85;839.956;164.416.464
2018-05-29;194,80;195,50;192,35;192,35;861.072;166.358.224
2018-05-28;195,25;196,60;194,30;195,60;522.583;102.183.936
2018-05-25;194,30;198,80;192,95;193,85;1.132.105;221.232.400
2018-05-24;193,45;197,20;193,10;193,35;933.728;181.939.424
2018-05-23;195,20;196,40;191,15;193,80;778.018;150.425.744
2018-05-22;195,05;196,85;193,40;195,50;794.465;154.960.832
2018-05-18;195,85;196,60;194,75;195,05;1.019.077;199.456.288
2018-05-17;193,90;195,55;192,35;195,25;688.277;133.948.344
2018-05-16;189,40;195,00;188,95;193,90;1.062.857;205.395.120
2018-05-15;188,60;189,95;186,80;188,90;788.811;148.840.144
2018-05-14;189,80;190,60;187,80;189,10;617.111;116.679.128
2018-05-11;189,90;191,15;188,60;189,55;540.357;102.574.040
2018-05-10;188,55;190,85;187,50;190,60;643.777;122.384.976
2018-05-09;193,00;193,60;189,70;190,35;1.263.990;241.449.808
2018-05-08;194,75;195,70;193,55;193,60;759.888;147.409.472
2018-05-07;193,65;196,20;191,75;195,05;729.987;141.945.184
2018-05-04;192,10;196,80;190,70;192,70;1.563.151;301.940.736
2018-05-03;205,90;206,50;193,10;193,10;2.442.159;483.835.424
2018-05-02;203,00;207,80;202,50;207,20;929.312;191.653.632
2018-04-30;204,50;205,60;203,00;203,90;579.400;118.324.008
2018-04-27;204,10;206,90;203,10;204,50;593.777;121.802.160
2018-04-26;202,00;203,20;200,40;203,10;628.515;127.300.296
2018-04-25;202,80;205,40;201,20;202,30;995.976;201.891.840
2018-04-24;209,90;211,20;203,30;204,80;1.313.417;270.964.128
2018-04-23;212,20;212,50;210,00;211,70;387.709;82.035.128
2018-04-20;209,50;212,20;209,20;212,20;737.378;155.776.704
2018-04-19;213,50;213,70;209,70;210,50;574.145;121.450.024
2018-04-18;214,20;215,50;213,70;213,70;739.044;158.391.584
2018-04-17;211,00;214,40;210,10;213,20;754.601;160.569.552
2018-04-16;210,70;211,80;210,00;210,70;471.458;99.323.064
2018-04-13;210,30;211,40;209,40;210,60;545.709;114.950.920
2018-04-12;205,40;210,30;204,90;210,30;708.327;147.860.192
2018-04-11;204,80;207,10;203,90;206,50;672.758;138.435.664
2018-04-10;204,40;205,50;202,70;205,50;781.158;159.876.928
2018-04-09;205,00;205,10;201,00;202,60;725.282;147.468.560
2018-04-06;204,50;204,80;202,70;203,70;721.588;147.079.728
2018-04-05;201,00;204,40;199,65;204,20;1.287.753;261.645.120
2018-04-04;196,45;197,80;193,05;197,80;1.002.466;196.666.576
2018-04-03;195,00;197,85;194,40;195,30;827.519;162.013.216
2018-03-29;193,35;197,45;192,55;196,65;799.827;156.394.704
2018-03-28;193,25;194,55;189,70;192,95;834.133;160.261.936
2018-03-27;198,00;198,40;193,65;194,15;846.215;165.075.936
2018-03-26;196,45;197,05;191,95;193,00;836.698;162.786.208
2018-03-23;195,65;198,80;193,55;195,60;1.209.390;236.731.152
2018-03-22;198,70;200,30;195,50;197,00;1.398.251;276.640.864
2018-03-21;195,00;198,40;194,65;198,15;1.026.948;202.406.272
2018-03-20;193,55;196,40;193,45;194,65;999.886;194.805.216
2018-03-19;194,00;194,60;192,00;192,50;853.490;164.731.776
2018-03-16;193,95;196,60;192,80;194,10;1.866.982;363.053.856
2018-03-15;191,10;193,95;187,60;193,00;1.722.781;330.105.888
2018-03-14;182,90;190,45;180,20;187,90;3.613.861;672.458.560
2018-03-13;171,15;174,25;168,25;169,00;1.736.907;295.663.744
2018-03-12;175,00;175,40;170,95;171,60;859.407;148.254.080
2018-03-09;175,35;176,15;173,20;173,70;920.945;160.282.192
2018-03-08;178,20;179,75;175,20;175,20;998.461;176.676.272
2018-03-07;173,35;175,30;172,90;174,60;455.056;79.300.640
2018-03-06;176,90;176,95;173,45;173,90;578.619;101.186.456
2018-03-05;171,05;175,30;170,85;174,75;811.172;141.442.848
2018-03-02;175,00;175,50;171,60;172,20;1.016.662;175.938.608
2018-03-01;181,70;182,25;175,90;176,10;1.173.749;208.554.768
2018-02-28;180,75;185,50;180,60;182,60;885.265;162.286.480
2018-02-27;182,20;182,85;181,20;182,00;474.356;86.393.720
2018-02-26;182,80;185,60;181,25;181,35;661.009;120.757.560
2018-02-23;181,75;182,55;180,70;181,80;626.223;113.876.488
2018-02-22;181,15;182,35;179,10;180,50;862.264;155.761.280
2018-02-21;181,25;182,70;180,05;180,75;564.900;102.353.880
2018-02-20;180,60;183,00;179,75;182,75;651.393;118.608.720
2018-02-19;181,70;182,65;179,90;180,45;450.815;81.504.400
2018-02-16;177,90;181,05;177,50;180,25;991.451;178.369.648
2018-02-15;178,10;179,20;176,25;177,30;619.375;110.040.696
2018-02-14;177,55;177,90;173,15;177,00;883.584;155.647.376
2018-02-13;177,10;177,55;175,30;175,80;750.007;132.261.312
2018-02-12;179,90;181,30;177,90;178,15;953.287;170.830.352
2018-02-09;177,50;179,25;173,95;176,85;1.153.046;203.780.608
2018-02-08;182,85;182,85;177,15;178,60;1.160.386;208.974.720
2018-02-07;177,90;184,55;176,50;183,80;1.468.664;266.853.408
2018-02-06;172,20;176,70;171,00;174,60;1.675.479;293.015.232
2018-02-05;179,45;179,65;177,15;178,80;904.140;161.303.264
2018-02-02;182,60;184,25;180,05;180,25;938.757;170.651.168
2018-02-01;187,80;188,20;182,60;183,75;942.051;174.358.368
2018-01-31;185,15;187,40;184,20;187,30;1.207.147;225.276.768
2018-01-30;183,40;185,95;183,25;185,05;924.993;170.937.472
2018-01-29;184,95;184,95;182,75;184,30;534.401;98.360.056
2018-01-26;183,40;184,95;181,20;184,50;656.724;120.638.312
2018-01-25;183,70;185,70;180,90;183,10;1.062.728;194.633.408
2018-01-24;185,20;188,45;184,50;185,05;1.076.683;200.322.064
2018-01-23;185,00;187,75;184,15;185,50;1.284.706;238.523.440
2018-01-22;183,15;184,85;180,25;182,80;1.121.036;204.639.520
2018-01-19;171,00;182,80;170,95;182,80;2.755.745;492.999.136
2018-01-18;168,20;171,40;167,75;171,00;934.715;159.049.664
2018-01-17;168,05;169,00;166,50;167,15;663.694;111.223.128
2018-01-16;171,00;171,10;168,25;168,50;698.077;118.432.784
2018-01-15;169,75;171,55;169,15;169,25;621.731;105.656.024
2018-01-12;167,25;170,65;167,00;168,55;864.400;146.111.728
2018-01-11;167,90;168,70;165,80;166,40;817.213;136.204.560
2018-01-10;169,15;169,15;167,60;167,70;781.315;131.292.936
2018-01-09;173,20;173,25;168,85;169,15;819.076;139.281.280
2018-01-08;174,10;174,15;172,40;172,75;805.948;139.369.872
2018-01-05;171,70;172,65;171,00;172,05;693.116;119.211.080
2018-01-04;169,15;171,70;168,50;170,25;806.719;137.385.568
2018-01-03;167,60;168,05;166,05;168,05;662.050;110.858.016
2018-01-02;167,15;167,70;165,25;167,15;587.067;97.820.192





